"day","month","weather","expenditure"
17,"Jan","cloudy",311.689803497866
3,"May","sunny",208.60577899497
20,"May","cloudy",145.010294659296
13,"Mar","rainy",151.308924790937
14,"Jan","rainy",97.4822227761615
24,"May","sunny",55.5647596355993
27,"Mar","cloudy",247.920609990833
28,"Jan","rainy",260.82833526074
9,"Jul","sunny",293.626437168568
5,"Mar","sunny",73.8353507965803
5,"Mar","rainy",48.0641401337925
17,"May","cloudy",231.191535863327
26,"May","cloudy",386.749846116873
23,"May","cloudy",297.181884992169
12,"May","rainy",329.19189998298
30,"Mar","rainy",218.221477095503
9,"Jul","cloudy",234.10778825637
7,"Jan","cloudy",118.015964218648
7,"Jan","rainy",213.91691319528
11,"May","rainy",206.744897477329
31,"Jul","cloudy",77.7713502198458
19,"Mar","cloudy",242.980143853929
1,"May","cloudy",103.238964697812
7,"May","rainy",131.821483225795
6,"May","cloudy",393.817761850078
19,"Jul","rainy",107.599587296136
9,"Mar","sunny",331.376875260612
20,"Mar","sunny",232.688333957922
12,"Jan","rainy",243.012294339715
5,"Jul","cloudy",56.6335656715091
16,"May","cloudy",101.862260577036
26,"Mar","sunny",261.175887600984
7,"May","rainy",338.008259696653
6,"Jan","cloudy",208.179608640494
4,"Jan","cloudy",91.0985994932707
2,"May","rainy",190.31330034486
5,"Jul","sunny",277.53591809771
27,"May","cloudy",62.8302197298035
17,"Jan","cloudy",329.646370394621
23,"May","sunny",254.225231476594
19,"May","rainy",30.7120656990446
19,"Jan","sunny",53.3372868166771
14,"Mar","cloudy",138.006043202477
16,"May","rainy",270.788973439485
31,"Mar","sunny",222.515372235794
3,"Jan","rainy",378.559529199265
25,"Jul","cloudy",336.373512756545
25,"Mar","sunny",159.50209934148
4,"May","rainy",319.550403265748
18,"Jul","cloudy",250.117460649926
27,"Mar","rainy",228.600074808346
1,"Jul","cloudy",352.659563098568
7,"Jul","sunny",170.033258160111
16,"Jul","cloudy",307.361795640318
18,"May","rainy",342.635002305033
27,"Jul","cloudy",38.3416490384843
20,"Jul","sunny",32.8811905498151
4,"May","sunny",168.953018373577
4,"Jan","cloudy",44.3475412914995
17,"Jan","rainy",309.346323859645
26,"Jul","cloudy",65.4616853466723
18,"May","rainy",171.160858025542
18,"Mar","rainy",30.5168189771939
13,"May","rainy",25.7271352829412
29,"Mar","sunny",246.370192376198
27,"May","rainy",258.077740323497
26,"Jan","cloudy",328.751171077602
19,"Jan","rainy",189.622583094751
19,"May","rainy",393.314210176468
31,"Mar","sunny",202.923781391
25,"Mar","sunny",113.3748443285
15,"Jul","rainy",214.843952881638
23,"Mar","rainy",206.050853464985
22,"Mar","rainy",66.1901858530473
13,"May","cloudy",142.488077953458
17,"Jan","sunny",155.93060446321
2,"Jul","rainy",243.902501352131
5,"Mar","sunny",387.140561479609
7,"Jul","cloudy",342.34596963739
26,"Mar","cloudy",290.804741322063
19,"Mar","cloudy",157.659176987363
8,"Jul","cloudy",239.076582224807
12,"Jul","rainy",126.626728039701
31,"Jul","rainy",116.008067915682
25,"May","rainy",142.336196399992
9,"Jan","sunny",270.830167240929
13,"Jan","rainy",22.214902167907
30,"Jul","sunny",371.071283362107
4,"Jul","sunny",126.058583487757
17,"Jan","sunny",303.088461901061
12,"Jul","sunny",179.261621185578
9,"Jan","sunny",210.903878811514
4,"May","rainy",147.136551337317
24,"Jan","cloudy",363.174617934274
16,"Jan","cloudy",395.268479693914
27,"May","rainy",33.79890430253
25,"Jan","rainy",123.331175732892
13,"Jul","sunny",39.9094151484314
1,"Jan","cloudy",367.114716192009
11,"May","sunny",380.340296933427
13,"Mar","sunny",174.984070432838
5,"Jan","sunny",182.847365050111
8,"Jul","sunny",385.169377096463
8,"May","rainy",85.6561712594703
2,"Mar","sunny",388.92227482982
17,"Jul","cloudy",43.2463238562923
9,"Mar","cloudy",313.045609706314
24,"Jul","sunny",12.9306962015107
8,"May","sunny",128.390909602167
4,"Mar","cloudy",295.525201268028
31,"May","cloudy",286.571050342172
30,"Jul","rainy",152.341762928991
9,"Mar","rainy",141.8175457709
11,"May","rainy",156.232560029021
26,"Jan","rainy",72.388557047816
28,"May","sunny",207.008115617791
10,"May","cloudy",15.6830890232231
8,"Jan","rainy",303.006255935179
13,"Jul","sunny",344.653092076769
10,"Jan","sunny",270.355867218459
10,"Mar","cloudy",132.635522346245
9,"May","sunny",198.494075295748
4,"Mar","cloudy",395.013095212635
17,"Jan","cloudy",171.369547449285
11,"Jul","cloudy",256.4953486179
3,"Jan","sunny",253.052015983267
9,"Jan","cloudy",212.316670756554
12,"Mar","cloudy",375.437975947279
15,"May","cloudy",358.308230725816
22,"Jan","rainy",255.519501182716
5,"Jan","cloudy",342.880753771169
16,"Jan","rainy",25.1434502366465
6,"May","cloudy",343.58674416435
17,"Mar","rainy",392.089050270151
27,"May","sunny",27.7150497678667
22,"Jan","sunny",290.62382874894
26,"Mar","rainy",155.494264919544
5,"May","rainy",163.150255704531
7,"Jan","cloudy",265.793152528349
1,"Mar","cloudy",296.012975905323
5,"May","cloudy",368.350627353648
15,"May","sunny",111.131161211524
6,"Jan","rainy",38.2192508038133
12,"Jan","cloudy",189.222525244113
26,"Jan","rainy",68.6569743941072
22,"Jan","cloudy",268.849884361262
27,"Jul","rainy",8.83682460640557
16,"Jul","sunny",260.22042811499
29,"Mar","sunny",257.466795103392
9,"Mar","rainy",231.674188520992
31,"Mar","sunny",242.173292592634
15,"Mar","cloudy",322.627548890887
3,"May","rainy",216.266890747938
18,"May","cloudy",334.574139966862
1,"Jan","rainy",92.1328335232101
18,"May","sunny",373.75378888566
24,"Jan","cloudy",253.285192190669
16,"Jan","sunny",41.47726899595
6,"Mar","sunny",294.627233159263
20,"Jan","cloudy",112.208344622049
24,"May","sunny",55.2816511853598
23,"Jan","rainy",247.274872777052
29,"Mar","rainy",140.03796746023
3,"Mar","cloudy",76.4739668415859
20,"Jul","cloudy",42.2182607022114
24,"Mar","cloudy",25.2307342214044
30,"May","rainy",198.256615489954
30,"Jan","cloudy",24.5535742654465
3,"May","cloudy",29.7977926570456
23,"May","rainy",253.819778133184
19,"May","rainy",110.191511042649
29,"May","rainy",204.309794247383
10,"Jan","cloudy",48.9057390601374
18,"Mar","sunny",169.548133123899
27,"Mar","rainy",345.566618797602
5,"May","cloudy",117.592334758956
15,"Mar","rainy",315.068872040138
18,"Jul","rainy",137.880367316538
1,"Mar","rainy",89.7446426714305
28,"May","cloudy",125.38029894582
31,"Mar","sunny",396.644174832618
15,"Jul","cloudy",203.691080665449
17,"Jul","cloudy",286.293197777122
24,"Mar","cloudy",351.090957503766
14,"Mar","rainy",67.1472067735158
1,"Jan","cloudy",292.090896682348
18,"Mar","rainy",267.067634653067
14,"May","cloudy",42.8357337263878
5,"Jul","cloudy",88.8962427037768
31,"Mar","sunny",305.471031570341
9,"Jul","cloudy",94.3951272137929
4,"Jan","rainy",361.808997993357
7,"Jul","sunny",24.6306099684443
30,"Jul","cloudy",23.8595263904426
29,"May","rainy",250.043734970968
2,"Mar","sunny",289.981003337307
20,"May","sunny",59.7141094261315
9,"Jul","cloudy",86.9704088044818
13,"May","sunny",274.792694863863
7,"Jan","sunny",287.755550873699
25,"Mar","cloudy",286.344064231962
13,"May","cloudy",373.400169041706
6,"Mar","rainy",133.748683771119
15,"May","cloudy",58.8063583022449
1,"Mar","cloudy",113.219841469545
3,"May","rainy",344.436896860134
24,"Jan","rainy",178.049494815059
4,"Jul","rainy",131.637636226369
31,"Mar","rainy",321.956291263923
12,"Jan","cloudy",378.439116831869
21,"Jul","sunny",112.443050626898
10,"Jan","rainy",353.598292298848
31,"Mar","cloudy",388.326363359811
11,"Mar","sunny",220.5659019819
20,"Mar","cloudy",189.41955256043
5,"Jan","cloudy",278.959828894585
29,"May","sunny",382.663847911172
3,"Jan","cloudy",176.223665744765
10,"Jul","rainy",371.048019110458
31,"Mar","sunny",168.797359874006
19,"May","cloudy",323.989172541769
5,"Jan","rainy",64.0487964672502
18,"Jul","rainy",135.257672973676
7,"Mar","cloudy",396.280653334688
12,"May","cloudy",269.425053161103
29,"Jan","sunny",114.494491528021
7,"Jan","cloudy",61.7861290182918
13,"Jan","rainy",292.45912133716
18,"Jul","cloudy",384.813466510968
31,"Mar","cloudy",299.140455765883
21,"Jan","sunny",214.945074571297
3,"Mar","rainy",173.58606015332
28,"May","rainy",277.363692647777
19,"Mar","sunny",283.62450761022
24,"May","cloudy",345.981102213264
5,"Jan","rainy",59.5972398540471
25,"Jan","cloudy",129.615883824881
5,"May","sunny",171.22790930327
30,"Jan","rainy",136.338546604384
28,"Mar","cloudy",292.201971620088
10,"May","cloudy",71.9113183685113
23,"Mar","sunny",355.462736476911
10,"Mar","cloudy",24.5725521596614
2,"May","cloudy",230.940900339046
13,"May","rainy",216.474245714489
13,"Jul","sunny",360.398912209785
29,"May","rainy",333.558696032269
13,"May","rainy",165.760454800911
7,"May","cloudy",302.139828287764
26,"May","sunny",79.5885307015851
5,"Mar","sunny",39.8226289870217
19,"Mar","sunny",168.671858819434
8,"Jan","rainy",217.908535571769
8,"Jan","cloudy",126.389202200808
31,"Jul","cloudy",215.518763880245
28,"Jan","sunny",38.3777159859892
8,"Jul","cloudy",292.789772790857
26,"Jan","sunny",183.302911488572
25,"May","rainy",49.4957000098657
27,"Mar","cloudy",32.4424319691025
10,"Jan","sunny",198.197989226319
21,"Jul","sunny",71.3768804026768
8,"Jul","sunny",188.260156194447
24,"May","rainy",113.920316075673
5,"May","cloudy",80.0186949549243
3,"May","sunny",113.629143586149
3,"May","cloudy",399.138586545596
9,"Mar","rainy",47.3356427543331
9,"Jan","cloudy",100.19313605153
29,"May","sunny",101.359513716307
17,"May","cloudy",336.035158790182
30,"Jan","rainy",105.268238894641
21,"Mar","cloudy",247.907342120307
29,"Mar","rainy",308.982875936199
19,"May","rainy",267.641014857218
13,"Jul","rainy",287.010579431662
8,"May","sunny",290.251451550284
29,"May","rainy",240.62165915966
15,"May","sunny",301.441912142327
13,"Jan","sunny",158.155039023841
24,"Jul","sunny",252.307055117562
7,"Mar","cloudy",243.21653361083
1,"Jul","sunny",376.422609555302
7,"Mar","cloudy",215.49944883096
31,"Jul","sunny",214.076107040746
24,"Jul","rainy",106.221741759218
21,"Mar","rainy",189.29606468766
23,"Jul","cloudy",250.475211425219
4,"May","cloudy",67.9023553139996
26,"Jul","cloudy",373.768640906783
20,"Mar","cloudy",36.6322900308296
24,"Jul","sunny",221.858235943364
20,"May","cloudy",167.431997995591
10,"May","cloudy",24.0354908036534
3,"Mar","sunny",176.112501046155
7,"Jan","cloudy",302.284497334622
15,"Mar","rainy",345.581572719384
15,"Jul","cloudy",63.9636677550152
8,"Mar","cloudy",274.699158795411
23,"Mar","rainy",249.774135715561
24,"May","sunny",96.3105929968879
17,"Jul","sunny",6.80402738740668
12,"Jan","rainy",148.097469130298
2,"Jul","sunny",286.985685229301
5,"Jul","sunny",143.680050801486
19,"Jan","rainy",140.689520185115
12,"Mar","rainy",345.984338019043
23,"Jul","sunny",169.288016147912
6,"Jan","sunny",143.106548555661
27,"Jan","cloudy",380.972513456363
3,"May","cloudy",253.261615431402
21,"May","cloudy",318.902066297596
14,"Jul","cloudy",217.229612771189
5,"Jul","rainy",129.086884116987
9,"May","cloudy",82.5980439025443
28,"Mar","sunny",62.1007817005739
29,"Jan","rainy",251.377513898769
25,"Jul","sunny",145.302232599352
9,"Jul","rainy",69.1466352972202
17,"Mar","rainy",48.8839637720957
16,"May","rainy",120.157468472607
31,"Mar","sunny",97.0626544440165
27,"May","sunny",151.293727429584
25,"May","sunny",353.224236038513
26,"Jan","cloudy",195.177861158736
30,"May","rainy",237.459454901982
10,"Jan","rainy",78.4801690920722
11,"Jan","rainy",315.090030038264
22,"Mar","sunny",261.154501062119
18,"May","rainy",322.10863265791
24,"May","sunny",40.6923052237835
31,"Jul","cloudy",381.490095783956
13,"May","cloudy",93.8401020038873
17,"May","sunny",334.259598198114
30,"Jul","cloudy",320.72506955592
9,"Mar","sunny",266.32181912777
18,"May","cloudy",395.933484501438
17,"May","sunny",5.24893015972339
1,"Mar","rainy",371.362584331073
15,"May","cloudy",170.598300168058
16,"Jan","cloudy",157.941568822134
23,"May","cloudy",224.719009957043
12,"May","rainy",6.02581931627356
23,"May","cloudy",239.066086916719
25,"Jan","cloudy",71.2648059555795
24,"Jul","cloudy",206.425349792698
3,"Jan","sunny",349.640160751296
15,"Jan","rainy",266.811012740945
2,"Jul","cloudy",158.204658667091
24,"Mar","rainy",176.06933765579
6,"Jan","sunny",375.598717799876
24,"Jan","cloudy",12.7723826747388
11,"May","sunny",198.8928993023
27,"May","rainy",218.943166168174
28,"Mar","rainy",244.411411731271
4,"Jan","cloudy",168.787085841177
12,"Mar","rainy",152.604222792434
17,"Jul","cloudy",242.387441610917
8,"May","rainy",121.121564499335
24,"May","sunny",126.013486743905
11,"Jul","sunny",376.995768852066
4,"Mar","rainy",351.936256306944
11,"Jan","sunny",241.985572080594
11,"Jul","rainy",88.0226021818817
4,"Jan","sunny",200.837141997181
7,"Jan","sunny",91.7011164803989
23,"Mar","sunny",156.307610232616
29,"May","cloudy",85.7279348908924
19,"Jul","rainy",217.25940381526
6,"Jan","cloudy",369.466740126954
2,"Mar","rainy",187.595274440246
7,"Jan","cloudy",294.184065443696
15,"Mar","cloudy",394.241837079171
6,"May","rainy",357.826868656557
11,"Jan","rainy",132.781951754587
4,"Jan","cloudy",54.3560810573399
31,"Jul","rainy",317.539192708209
30,"Jul","sunny",109.979352582013
7,"Jul","cloudy",333.790478371084
18,"Jul","cloudy",198.205712063937
28,"Jan","rainy",278.7344992219
31,"Mar","rainy",154.616647788789
31,"Jan","rainy",317.960215975763
24,"Jan","cloudy",110.734403084498
4,"Jan","sunny",24.8695122939534
25,"Jul","cloudy",89.8074622207787
7,"Jan","cloudy",363.998281332897
17,"Jan","rainy",128.462257353822
17,"May","cloudy",366.981331723509
15,"May","rainy",143.895900034113
22,"Mar","cloudy",162.709788816283
19,"Jan","sunny",283.584382478148
5,"Jan","rainy",220.51660054829
1,"Jul","rainy",131.112772600027
8,"Jul","cloudy",32.4882561806589
9,"May","rainy",184.386697933078
21,"Jan","sunny",197.27554279496
26,"Mar","cloudy",342.32545219711
18,"Jul","rainy",313.183411126956
15,"Jan","rainy",85.5619810218923
2,"Jul","cloudy",298.276346726343
20,"Jul","cloudy",47.6234701799694
2,"May","rainy",378.869303525425
29,"May","sunny",257.484516161494
13,"Jul","cloudy",290.992767352145
26,"Jul","sunny",350.699574268656
10,"May","rainy",16.7911494371947
7,"Mar","sunny",78.0172234517522
22,"May","sunny",386.557179928059
30,"Mar","sunny",386.691845236346
27,"Mar","cloudy",18.1373780872673
24,"May","rainy",285.249856973533
28,"Jul","sunny",262.981754074572
21,"Mar","rainy",322.085061968537
22,"Jan","cloudy",108.581135834102
25,"May","cloudy",220.371358908014
28,"May","rainy",389.093382775318
30,"Jul","cloudy",181.069604397053
9,"Jan","sunny",38.7407188757788
26,"Jan","cloudy",225.807101796381
23,"Jan","cloudy",212.58824309567
4,"May","sunny",86.624393343227
17,"Jan","sunny",220.874653070932
11,"Jan","rainy",46.7111767514143
11,"May","cloudy",396.480623354437
19,"May","cloudy",31.8797606229782
6,"Jul","cloudy",246.319123039721
5,"Jul","sunny",280.925766313449
17,"May","sunny",62.3553144652396
31,"Mar","rainy",272.048211666988
4,"Jul","cloudy",24.0906822425313
20,"Jul","rainy",41.203018729575
4,"May","sunny",298.373789507896
29,"Mar","sunny",166.799684722209
23,"Jul","rainy",363.058649833547
9,"Mar","rainy",307.293399696937
7,"Jan","rainy",270.584695357829
13,"Mar","cloudy",357.726574219996
25,"Jan","rainy",210.999183242675
15,"Jul","rainy",336.155156749301
7,"Jul","sunny",213.931552586146
5,"Mar","rainy",318.155361348763
24,"May","cloudy",378.767723558703
21,"May","sunny",348.400963109452
24,"May","cloudy",344.557285775663
11,"Jul","sunny",176.192568661645
28,"Jul","cloudy",351.742838554783
17,"Jul","cloudy",9.74168296554126
3,"Jan","sunny",213.263826534385
9,"Jul","sunny",97.323089169804
23,"Mar","cloudy",133.838904849254
10,"May","cloudy",355.52408462856
13,"Mar","cloudy",399.1358764295
27,"Mar","cloudy",77.3496401344892
11,"Jul","sunny",45.0705666607246
11,"Jan","rainy",221.246031679912
14,"Jan","rainy",362.736964350333
21,"May","rainy",297.498670138884
24,"Mar","sunny",346.276896467898
7,"Jul","cloudy",99.7523291571997
5,"Mar","rainy",87.2996856109239
19,"Mar","cloudy",263.50173851708
5,"May","sunny",154.251623440068
4,"Mar","rainy",102.129338894738
11,"May","rainy",193.780747200362
6,"Mar","rainy",255.034546471434
1,"Mar","cloudy",344.826509893173
20,"Jan","cloudy",19.0648518630769
18,"Mar","cloudy",299.67345663812
22,"Jul","cloudy",363.362902486697
31,"May","rainy",78.4884732600767
16,"May","cloudy",171.647458414081
25,"Jan","sunny",14.2684494389687
26,"Jul","rainy",92.8875007946044
7,"Jan","sunny",298.181943122763
22,"Jan","sunny",238.680256531807
1,"Jul","cloudy",81.9772160658613
10,"Jul","sunny",254.063865712378
17,"Jul","sunny",120.40904602618
24,"May","rainy",383.631054850994
7,"Jan","cloudy",219.370932813035
10,"Mar","rainy",259.209442978026
19,"Jan","rainy",281.107160891406
19,"Jan","cloudy",124.866178849479
10,"May","sunny",280.650565740652
3,"Mar","cloudy",203.452565157786
9,"Jul","rainy",33.8636426744051
2,"Jul","sunny",47.6169525843579
24,"Jan","sunny",225.670127628837
29,"Mar","rainy",9.09601711900905
22,"May","rainy",238.941859344486
20,"Jul","sunny",121.535351256607
4,"May","cloudy",303.685515522957
9,"May","sunny",249.224547200138
1,"Jan","cloudy",10.7945503771771
19,"Mar","rainy",389.912746849004
31,"May","sunny",388.147081841016
29,"May","rainy",280.953750184271
16,"Jan","sunny",256.594656788511
13,"Jan","sunny",170.466292646015
31,"Jul","rainy",159.511639008997
31,"Jan","rainy",109.990892831702
15,"May","sunny",90.3063812770415
8,"May","sunny",16.6846421873197
31,"Mar","rainy",274.78569609113
30,"Jul","sunny",8.62499346025288
18,"Jul","rainy",31.6061238758266
11,"Jan","sunny",285.65165743581
21,"Jul","rainy",83.5098530270625
10,"Jul","cloudy",154.098891181638
15,"May","cloudy",140.809240124654
26,"Jan","cloudy",328.037400642643
31,"Jul","sunny",376.271958259167
14,"Jan","sunny",302.344847724307
20,"May","rainy",116.654110739473
5,"May","rainy",136.03569370578
16,"Jan","cloudy",224.901258458849
9,"May","cloudy",109.545164448209
20,"Jan","rainy",81.6235849098302
17,"Mar","cloudy",281.424964584876
13,"Mar","rainy",221.142035067314
19,"Jul","rainy",394.827820592327
24,"May","cloudy",284.912049941486
6,"Jul","rainy",258.995313824853
5,"Mar","rainy",231.315150652081
14,"Jul","rainy",196.786458899733
14,"Jul","sunny",282.021516336827
9,"Jul","cloudy",320.965202874504
7,"May","cloudy",91.1672257247847
24,"Jan","cloudy",167.940607363125
6,"Jul","sunny",124.363686004654
12,"May","rainy",155.662862135796
20,"Mar","sunny",389.412176781334
20,"Jan","sunny",38.6359424656257
22,"Mar","sunny",315.050177775556
9,"Jul","sunny",50.357207179768
29,"May","rainy",13.5969480965286
20,"Jul","cloudy",41.4768306759652
4,"Jul","rainy",327.657547724666
22,"Jul","sunny",313.568410672015
13,"Mar","rainy",334.81223609997
20,"Jul","sunny",30.4719978617504
17,"Mar","sunny",240.81163647701
13,"Jan","sunny",298.912352886982
3,"Jul","sunny",344.44210243877
6,"Jan","sunny",383.270115541527
14,"Mar","sunny",83.4870407066774
16,"Jul","rainy",151.985640816856
19,"May","cloudy",342.390918128658
14,"Jul","sunny",19.6819175605197
20,"Mar","rainy",310.886735160602
10,"Jul","cloudy",392.629907885566
23,"Mar","cloudy",88.3297785010654
9,"Jul","sunny",23.3924408978783
5,"Jan","cloudy",116.93562179571
3,"Jul","cloudy",58.1947325181682
25,"May","cloudy",331.226228930755
8,"May","rainy",157.641024414916
30,"Jul","rainy",107.413382050581
27,"Jan","sunny",115.92290168046
16,"Jan","rainy",211.126294382848
22,"Jan","rainy",201.894225686556
13,"Jul","sunny",73.2679895369802
19,"Jul","rainy",297.546946771909
8,"May","sunny",115.036751289153
17,"Mar","cloudy",258.676205103984
12,"Mar","cloudy",54.3943984643556
3,"Jan","rainy",266.38086623745
13,"May","sunny",319.557000597706
24,"Jan","cloudy",236.452598673059
12,"May","cloudy",162.929311714834
16,"Jan","sunny",320.268836299656
10,"Mar","cloudy",49.5689367863815
5,"Jan","sunny",129.363992108265
6,"Jul","rainy",196.159393694252
17,"May","rainy",226.362779887859
23,"Mar","sunny",194.189198795939
28,"Jul","cloudy",256.591173404595
16,"Jan","rainy",190.63182589598
27,"Jan","cloudy",70.3536197310314
20,"May","cloudy",65.7669317151885
10,"Jan","cloudy",273.970462305006
8,"Mar","cloudy",112.674236644525
7,"May","cloudy",297.622384161223
19,"Jan","sunny",21.1763276113197
28,"Jul","cloudy",61.0867035842966
19,"Jan","rainy",362.920422140742
11,"Jul","cloudy",57.0238352648448
29,"May","sunny",202.696553128771
15,"Jan","cloudy",389.320129768457
30,"Jan","sunny",267.751035564579
10,"Jul","cloudy",219.832582254894
31,"Jul","rainy",118.394928448834
17,"Jul","rainy",182.056409463985
3,"Jan","sunny",226.69546668767
6,"Mar","cloudy",31.6594742971938
2,"Jan","rainy",204.708230608376
7,"Jan","rainy",272.346050004708
16,"Jan","rainy",246.481507442659
6,"Jan","rainy",332.181534921983
12,"Jan","cloudy",198.332233780529
30,"Jul","cloudy",300.339526620228
16,"Jul","sunny",151.683335128473
4,"May","sunny",397.208267085953
24,"Mar","cloudy",141.936172669521
26,"Mar","cloudy",353.022213474615
1,"May","rainy",191.668056277558
21,"Jul","rainy",277.15979255503
31,"Jan","cloudy",87.7843616588507
17,"May","sunny",324.903600550024
24,"Jul","rainy",304.011241348926
7,"May","cloudy",233.32294496242
6,"Mar","rainy",221.399504373549
30,"Mar","rainy",168.269965929212
16,"Mar","sunny",394.656785025727
4,"Mar","rainy",179.281139484374
9,"May","rainy",75.3351250709966
25,"Jul","cloudy",366.560453857528
5,"Jul","sunny",379.658808222739
23,"Mar","sunny",265.036774190376
18,"May","sunny",166.648732966278
31,"May","cloudy",244.866758782882
2,"Jan","sunny",187.672318604309
19,"May","cloudy",181.638539690757
25,"Mar","sunny",379.781742815394
1,"Jan","sunny",197.859884953359
17,"Mar","sunny",377.719257188728
15,"Mar","cloudy",303.005881533027
17,"May","rainy",307.506116403965
1,"Jan","sunny",299.754666589433
25,"Jan","sunny",70.0038903218228
5,"Jan","cloudy",157.248283914523
14,"May","sunny",177.30947760283
13,"Jul","cloudy",109.078598575434
15,"Jul","sunny",5.23493463755585
24,"Jul","cloudy",196.952242167899
2,"Jul","rainy",304.930461079348
5,"Jan","cloudy",226.164340493269
22,"Mar","rainy",49.548169192858
20,"Jan","cloudy",160.461684240727
8,"Mar","sunny",114.853917870205
29,"Jan","rainy",46.7597781238146
25,"Jan","rainy",156.086281724274
29,"May","sunny",16.7138266097754
18,"Jul","rainy",30.8125624654349
24,"Mar","rainy",279.219441057649
8,"Jul","rainy",314.329537231242
12,"Jan","cloudy",175.326177709503
18,"Mar","sunny",206.444777318975
27,"Mar","rainy",35.4184181056917
9,"May","rainy",320.725083443103
24,"Jan","sunny",389.545115756337
17,"Mar","cloudy",71.2459608633071
16,"May","rainy",386.964081769111
30,"Jan","sunny",164.013047025073
2,"Jan","rainy",296.371825515525
25,"Jan","sunny",291.983358470025
24,"Jan","rainy",197.5471721543
12,"Jul","sunny",299.05437849462
26,"Jan","sunny",119.076575068757
25,"Mar","sunny",391.056841009995
14,"Jan","sunny",334.823500813218
23,"Jul","sunny",391.471937668975
5,"Mar","sunny",368.87749891961
31,"Mar","sunny",167.325312419562
6,"Mar","cloudy",351.286758701317
28,"Jan","cloudy",333.967424819712
21,"Jul","sunny",336.324613591423
1,"Jan","sunny",251.407760184957
10,"May","cloudy",385.436586192809
27,"Mar","cloudy",244.511798779713
19,"Mar","sunny",301.91643518745
19,"Jan","cloudy",63.9373005914968
7,"Jul","cloudy",230.966996656498
5,"Jan","sunny",245.571361561306
1,"Mar","rainy",11.7245780152734
15,"Jan","sunny",59.0660978411324
3,"Mar","cloudy",307.587291683303
16,"Mar","cloudy",335.215106059331
17,"Mar","rainy",228.023407940054
2,"Jan","rainy",188.319386412622
1,"May","sunny",116.855046884157
25,"May","cloudy",212.329846383072
6,"Jul","rainy",309.674775620224
28,"Jul","sunny",191.580185904168
17,"Jan","sunny",341.882055297028
21,"May","rainy",74.5110684167594
21,"Jan","sunny",272.592970753321
17,"Jul","rainy",290.691736709559
30,"Jan","sunny",80.3638127155136
6,"Jan","sunny",306.720791565021
28,"Mar","rainy",259.274965194054
20,"Jul","rainy",352.310577251483
1,"Jan","cloudy",397.658826370025
13,"Mar","sunny",232.458878412144
22,"Jul","rainy",341.820375508396
14,"May","sunny",130.381770469248
14,"Mar","cloudy",102.003514204407
28,"Jul","sunny",299.549203590723
29,"Jan","rainy",64.8004123289138
1,"May","rainy",107.110170844244
31,"May","rainy",323.64628197276
4,"Jan","sunny",143.985287237447
13,"Mar","rainy",350.946316139307
16,"May","rainy",67.0253875700291
24,"Jan","rainy",65.9116002102382
15,"Jan","cloudy",193.089741170406
14,"Jan","sunny",247.096344844904
28,"Jul","rainy",324.800202006008
9,"Mar","rainy",208.715767881367
19,"Jan","cloudy",221.715784799308
1,"Jan","rainy",157.761111767031
6,"Mar","sunny",211.235809633508
8,"Jul","cloudy",46.4714210538659
7,"May","rainy",291.485042448621
30,"Jan","cloudy",196.929330154089
1,"May","rainy",319.671303707873
24,"May","sunny",291.036657014629
13,"May","cloudy",68.4221171017271
9,"Jan","cloudy",366.301159536233
5,"Jul","cloudy",369.293010630645
2,"Jul","rainy",25.2746706956532
12,"Jul","rainy",309.587438201997
24,"Mar","sunny",61.0043000709265
28,"Jan","cloudy",97.8906342736445
3,"May","cloudy",95.8530664851423
4,"May","rainy",90.2427156211343
31,"Mar","cloudy",349.636791775702
20,"Jul","rainy",109.234878319548
30,"Jan","sunny",370.540554285981
9,"Mar","rainy",94.0949372516479
15,"Jul","sunny",167.800618848996
23,"Jul","cloudy",186.127955341944
24,"Mar","rainy",190.88803119259
7,"Mar","rainy",177.140419810312
4,"Mar","cloudy",215.932674886426
14,"Mar","rainy",283.871529799653
19,"Jan","cloudy",199.085585816065
29,"May","cloudy",79.8692461417522
23,"Mar","sunny",137.802551172208
18,"Mar","cloudy",65.9147349430714
15,"May","sunny",267.880011266097
29,"Mar","rainy",388.433563313447
29,"Jul","cloudy",147.671234306181
9,"Jan","rainy",258.363191845128
15,"Jan","sunny",394.931065365672
21,"Jan","cloudy",210.409556780942
1,"Jan","cloudy",397.31342801475
4,"May","sunny",319.619312942959
3,"Mar","cloudy",120.923857630696
17,"Mar","sunny",166.971849197289
1,"May","sunny",249.754996049451
25,"May","sunny",51.1962374369614
3,"May","sunny",188.778140882496
8,"Mar","rainy",356.099842024269
20,"Jul","sunny",249.655938767828
20,"Mar","sunny",72.7540021506138
1,"May","cloudy",383.552034384338
19,"Jul","cloudy",76.4730665658135
24,"Mar","rainy",192.302601248957
26,"Jan","cloudy",262.383596283616
11,"Mar","sunny",377.122581923613
7,"Jul","cloudy",386.918513780693
24,"May","cloudy",158.613539845683
13,"Jan","rainy",129.176474477863
19,"Jan","sunny",240.137673424324
10,"Jul","rainy",182.679249654757
29,"Jul","cloudy",351.476880776463
16,"Jul","cloudy",270.136394350557
26,"Jan","rainy",298.153526725946
4,"Jul","sunny",86.7559457151219
9,"Mar","rainy",5.48463503015228
16,"Mar","cloudy",291.967716810759
2,"May","cloudy",78.7194775487296
18,"Jul","rainy",287.764520890778
1,"Jan","sunny",187.643203893676
4,"Jul","rainy",171.617556548445
2,"Mar","cloudy",136.294146518921
3,"Mar","rainy",33.0973074096255
2,"Jul","sunny",38.3408487320412
24,"May","sunny",10.895512686111
24,"Jul","cloudy",32.8162133367732
14,"Jul","sunny",312.546131483978
24,"May","cloudy",203.252828737022
2,"Mar","rainy",74.2261840624269
7,"Jul","rainy",262.118433845462
20,"Jul","cloudy",261.763070930028
23,"Jan","rainy",329.910114132799
17,"Jan","sunny",12.600310719572
30,"Mar","cloudy",83.8968521426432
13,"May","sunny",72.7685272251256
6,"May","rainy",385.254239561036
2,"Jan","sunny",345.989509661449
13,"May","sunny",290.540554941399
17,"Jul","cloudy",51.1503938201349
19,"Jan","sunny",230.591373351635
12,"May","rainy",364.046669247327
20,"Mar","sunny",161.1810363119
22,"Jul","cloudy",269.227484336589
22,"Jul","sunny",341.704828529619
15,"Mar","cloudy",101.581913009286
16,"Mar","cloudy",118.410920690512
11,"Jul","sunny",45.5279115354642
2,"Jul","cloudy",343.387388491537
18,"Jan","cloudy",388.699414868606
11,"Jul","cloudy",195.724550471641
12,"Jan","rainy",386.486952439882
7,"Mar","sunny",327.530351789901
3,"Jul","sunny",342.241771798581
16,"Mar","cloudy",61.0809344251174
3,"May","rainy",342.548046278534
15,"Jan","cloudy",121.196577271912
26,"Jan","cloudy",325.29399963445
31,"May","rainy",327.066144898999
1,"Mar","sunny",277.906303543132
5,"Mar","rainy",388.796636007028
4,"May","cloudy",98.6402366776019
9,"May","sunny",53.4434241708368
3,"Jan","sunny",71.2137825111859
13,"Jul","cloudy",340.346693504835
16,"Jul","rainy",293.26108522946
12,"Mar","sunny",22.1866155380849
5,"Mar","cloudy",21.2293970701285
10,"Jul","cloudy",363.703932816861
11,"Mar","rainy",276.615873229457
27,"May","cloudy",139.268063281197
24,"May","rainy",66.4604721101932
2,"Mar","cloudy",273.512359980959
28,"Mar","rainy",165.48451029812
5,"May","cloudy",285.075718862936
24,"Mar","rainy",336.236233990639
20,"Mar","cloudy",258.442090086173
12,"Mar","cloudy",19.8835060349666
6,"Jan","cloudy",68.1020490615629
28,"May","rainy",185.105053437874
19,"Mar","rainy",274.28719217889
24,"Jan","rainy",189.360862103058
15,"Jul","sunny",65.8195052819792
16,"May","rainy",142.860947273439
29,"May","sunny",361.948939235881
28,"May","sunny",263.424232949037
11,"Jan","cloudy",65.5199091578834
12,"May","cloudy",371.875885175541
24,"May","rainy",345.166694208747
23,"Mar","sunny",271.727608280489
14,"May","cloudy",40.7473611016758
3,"May","rainy",191.082806118065
25,"Jul","rainy",42.6338999730069
7,"May","sunny",28.5767193534411
26,"Jul","rainy",326.6211731371
4,"Jan","rainy",173.329825059045
4,"Jan","rainy",239.522289915476
19,"Jan","rainy",369.086158545688
11,"Jul","rainy",343.75561121502
31,"Mar","cloudy",333.944493308663
15,"Jan","sunny",179.903451318387
23,"Jul","sunny",177.294317948399
28,"Mar","rainy",134.868276433554
15,"Jan","rainy",9.52870571287349
31,"Jan","cloudy",9.73434170358814
7,"May","rainy",354.481578159612
13,"Mar","cloudy",312.400074270554
24,"May","cloudy",362.798844445497
23,"Jan","rainy",307.315944390139
12,"Mar","sunny",152.263875141507
11,"May","rainy",238.1967802078
13,"May","cloudy",139.722492307192
10,"Jul","cloudy",386.404889668338
16,"May","rainy",235.024312125752
6,"Mar","rainy",359.293006240623
12,"Jan","rainy",329.993868473684
24,"Mar","cloudy",62.7793184190523
26,"Jul","cloudy",91.6071657277644
13,"Jan","sunny",133.336789901368
4,"Mar","sunny",214.300514917122
3,"Mar","rainy",288.924491045764
11,"Jan","sunny",49.3342017196119
1,"Jul","cloudy",47.4312276882119
20,"Mar","sunny",279.603884839453
3,"May","sunny",73.9164143346716
17,"May","cloudy",290.365466340445
20,"Mar","rainy",54.0382357023191
10,"Jan","rainy",279.733087242348
5,"Mar","cloudy",83.3413463074248
31,"Mar","rainy",20.9688620991074
14,"Jan","rainy",234.692608924815
18,"Jan","rainy",383.349455597345
24,"Jan","rainy",110.7490960008
19,"Jul","cloudy",348.001362064388
20,"May","sunny",265.200147434371
18,"Jan","rainy",296.985567117808
4,"Jul","rainy",376.408170287032
14,"Mar","cloudy",232.630845707608
26,"Mar","rainy",359.725906637032
22,"Mar","cloudy",18.9105749083683
26,"Jul","cloudy",31.3612214592285
6,"Jan","cloudy",41.6804841102567
2,"Jan","cloudy",359.406346260803
10,"Mar","rainy",312.701722662896
27,"Jul","sunny",276.334329800447
21,"Mar","sunny",321.322408003034
19,"Mar","rainy",313.772038631141
13,"Jul","cloudy",216.450813161209
23,"Jan","cloudy",109.306589805055
15,"May","cloudy",23.3877784828655
24,"May","rainy",185.855469391681
23,"Jan","rainy",344.084572386928
25,"May","sunny",270.483165053884
25,"Mar","sunny",286.261903974228
13,"Jul","rainy",333.472346627386
20,"Mar","sunny",5.27733128983527
2,"Jul","sunny",78.3902005583514
28,"May","sunny",333.115804588888
12,"Jan","rainy",329.743702630512
14,"Jul","rainy",89.1136207222007
23,"Mar","cloudy",7.45872404193506
29,"May","sunny",123.963345995871
5,"Jul","sunny",308.470771136926
20,"Jul","cloudy",355.94920838601
7,"May","sunny",341.270760322222
25,"Mar","sunny",137.349527510814
14,"Jan","rainy",363.954659573501
22,"Mar","cloudy",122.009591039969
5,"Jan","cloudy",214.309365099762
24,"May","sunny",257.851948143216
17,"Mar","rainy",295.013528626878
16,"Jul","rainy",115.355205013184
19,"Mar","cloudy",242.359613258159
22,"May","rainy",62.2081712004729
13,"May","cloudy",149.314425205812
5,"Mar","sunny",277.07478928729
20,"May","cloudy",325.461469965521
3,"Jan","sunny",174.828403012361
18,"Jul","sunny",332.548613194376
26,"Mar","cloudy",33.2863529981114
21,"Jul","sunny",389.812666238286
16,"Jul","rainy",121.861497284845
26,"May","rainy",7.56390354828909
21,"Mar","sunny",339.092029678868
25,"Jan","rainy",44.2003518587444
2,"May","cloudy",87.1189713210333
30,"May","sunny",319.246043193853
9,"May","cloudy",153.70356380241
7,"Mar","sunny",80.7400980987586
16,"Jan","cloudy",246.360223585507
24,"Jul","rainy",298.850754949963
21,"Jan","rainy",167.120454479009
9,"Jan","sunny",254.542768278625
17,"Jul","sunny",396.037647668272
2,"Jul","rainy",179.835585938999
25,"Jul","cloudy",235.039477114333
16,"May","cloudy",82.1367222350091
29,"Jul","rainy",363.678974880604
5,"May","rainy",255.786714509595
15,"Mar","cloudy",216.935328172985
8,"Mar","sunny",176.237188274972
22,"Jul","cloudy",187.591215335997
28,"Jan","cloudy",335.789456251077
25,"May","cloudy",312.248735144967
3,"Jul","rainy",185.367408457678
4,"Mar","cloudy",127.127407917287
17,"Jul","cloudy",322.936424044892
27,"Jul","rainy",394.980524248676
2,"Mar","sunny",322.32739396859
4,"Jul","rainy",156.708721210016
6,"May","sunny",172.013418078423
2,"Jan","cloudy",269.190423673717
12,"Jul","rainy",15.3546642092988
13,"Mar","sunny",110.950962862698
17,"May","cloudy",27.0691592432559
15,"Jul","rainy",388.207048723707
24,"Jul","cloudy",76.1229174141772
10,"Mar","rainy",262.976807202213
6,"May","rainy",385.383327371674
13,"Jul","cloudy",271.335292028962
31,"Mar","sunny",147.067826607963
13,"May","cloudy",231.962576952064
24,"Jul","cloudy",204.163339731749
27,"May","cloudy",164.041413759114
5,"Mar","rainy",242.804180636303
20,"Jul","cloudy",18.4696052304935
8,"Jan","sunny",257.697604971472
2,"May","rainy",246.982931158273
15,"Mar","cloudy",157.25701729767
12,"May","sunny",229.158079049084
8,"May","cloudy",187.799391669687
12,"May","sunny",190.900228738319
29,"May","rainy",112.866325917421
30,"Jul","sunny",280.107826825697
24,"Mar","rainy",231.626848307205
3,"Mar","sunny",95.7780790037941
25,"May","sunny",19.7597497992683
1,"Jan","sunny",67.8261037310585
19,"Jul","cloudy",227.168753221631
5,"Jan","cloudy",204.874453300145
16,"Jul","sunny",240.61941642547
13,"May","cloudy",8.28601503046229
23,"Mar","sunny",314.788122387836
31,"May","cloudy",200.941114422167
7,"May","cloudy",337.187776003266
